tick,battery,altitude,x,y,weather
0,100.0,0,0.0,0.0,normal
1,99.2,0,-1.871715865104918,3.294656840866841,normal
2,98.4064,0,-3.743431730209836,6.589313681733682,normal
3,97.6191488,0,-5.615147595314753,14.883970522600524,normal
4,96.8381956096,0,-7.486863460419671,18.178627363467367,normal
5,96.06349004472321,0,-9.35857932552459,26.47328420433421,normal
6,95.29498212436542,0,-11.230295190629507,34.76794104520105,normal
7,94.5326222673705,0,-13.102011055734424,38.062597886067884,normal
8,93.77636128923153,0,-14.973726920839342,46.35725472693472,normal
9,93.02615039891768,0,-16.84544278594426,54.651911567801555,normal
10,92.28194119572633,0,-18.71715865104918,57.94656840866839,windy
11,91.54368566616053,0,-16.170446232898183,60.408328158102755,windy
12,90.81133618083125,0,-13.623733814747187,62.87008790753712,windy
13,90.0848454913846,0,-11.07702139659619,65.33184765697148,windy
14,89.36416672745352,0,-8.530308978445195,67.79360740640583,windy
15,88.6492533936339,0,-5.983596560294201,70.25536715584018,windy
16,87.94005936648483,0,-3.4368841421432066,72.71712690527453,windy
17,87.23653889155295,0,-0.8901717239922122,75.17888665470888,windy
18,86.53864658042053,0,1.6565406941587824,77.64064640414323,windy
19,85.84633740777717,0,4.203253112309777,80.10240615357758,windy
20,85.15956670851496,0,6.749965530460771,82.56416590301193,normal
21,84.47829017484683,0,4.058692615624881,83.89003844407459,normal
22,83.80246385344806,0,1.3674197007889906,85.21591098513726,normal
23,83.13204414262047,0,-1.3238532140468993,86.54178352619992,normal
24,82.4669877894795,0,-4.015126128882789,87.86765606726259,normal
25,81.80725188716367,0,-6.70639904371868,89.19352860832525,normal
26,81.15279387206637,0,-9.397671958554568,90.51940114938792,normal
27,80.50357152108984,0,-12.088944873390457,91.84527369045058,normal
28,79.85954294892112,0,-14.780217788226345,93.17114623151325,normal
29,79.22066660532975,0,-17.471490703062237,94.49701877257591,normal
30,78.58690127248711,0,-20.16276361789813,95.82289131363858,normal
31,77.95820606230721,0,-20.458797059848962,93.79904961927171,normal
32,77.33454041380875,0,-20.754830501799795,91.77520792490485,normal
33,76.71586409049829,0,-21.050863943750628,89.75136623053798,normal
34,76.1021371777743,0,-21.34689738570146,87.72752453617112,normal
35,75.4933200803521,0,-21.642930827652293,85.70368284180425,normal
36,74.8893735197093,0,-21.938964269603126,83.67984114743739,normal
37,74.29025853155161,0,-22.23499771155396,81.65599945307052,normal
38,73.6959364632992,0,-22.53103115350479,79.63215775870366,normal
39,73.10636897159281,0,-22.827064595455624,77.60831606433679,normal
40,72.52151801982008,0,-23.123098037406457,75.58447436996993,windy
41,71.94134587566151,0,-22.94696060939515,75.5261052697111,windy
42,71.36581510865622,0,-22.77082318138384,75.46773616945227,windy
43,70.79488858778697,0,-22.59468575337253,75.40936706919344,windy
44,70.22852947908467,0,-22.418548325361222,75.3509979689346,windy
45,69.66670124325199,0,-22.242410897349913,75.29262886867578,windy
46,69.10936763330598,0,-22.066273469338604,75.23425976841695,windy
47,68.55649269223953,0,-21.890136041327295,75.17589066815812,windy
48,68.00804075070161,0,-21.713998613315987,75.11752156789929,windy
49,67.463976424696,0,-21.537861185304678,75.05915246764046,windy
50,66.92426461329843,0,-21.36172375729337,75.00078336738163,rainy
51,65.71962785025906,0,-20.95749242855576,72.17315831457857,rainy
52,64.5366745489544,0,-20.55326109981815,69.34553326177551,rainy
53,63.375014407073216,0,-20.149029771080542,66.51790820897246,rainy
54,62.2342641477459,0,-19.744798442342933,63.69028315616939,rainy
55,61.11404739308647,0,-19.340567113605324,60.86265810336632,rainy
56,60.01399454001091,0,-18.936335784867715,58.03503305056325,rainy
57,58.93374263829072,0,-18.532104456130106,55.20740799776018,rainy
58,57.872935270801484,0,-18.127873127392498,52.37978294495711,rainy
59,56.83122243592706,0,-17.72364179865489,49.552157892154035,rainy
60,55.808260432080374,0,-17.31941046991728,46.724532839350964,normal
61,55.36179434862373,0,-18.59325867571596,45.45942879981201,normal
62,54.91889999383474,0,-19.867106881514637,44.194324760273055,normal
63,54.479548793884064,0,-21.140955087313316,42.9292207207341,normal
64,54.04371240353299,0,-22.414803293111994,41.664116681195146,normal
65,53.61136270430473,0,-23.688651498910673,40.39901264165619,normal
66,53.18247180267029,0,-24.96249970470935,39.13390860211724,normal
67,52.75701202824893,0,-26.23634791050803,37.86880456257828,normal
68,52.334955932022936,0,-27.51019611630671,36.60370052303933,normal
69,51.916276284566756,0,-28.784044322105387,35.338596483500375,normal
70,51.50094607429022,0,-30.057892527904066,34.07349244396142,normal
71,51.0889385056959,0,-33.004074541998705,36.25504963868513,normal
72,50.68022699765033,0,-35.950256556093336,38.43660683340884,normal
73,50.274785181669124,0,-38.89643857018797,40.61816402813255,normal
74,49.87258690021577,5,-41.8426205842826,42.799721222856256,normal
75,49.47360620501404,10,-44.78880259837723,44.981278417579965,normal
76,49.07781735537393,15,-47.73498461247186,47.162835612303674,normal
77,48.68519481653094,15,-50.681166626566494,49.34439280702738,normal
78,48.29571325799869,20,-53.627348640661126,51.52595000175109,normal
79,47.9093475519347,25,-56.57353065475576,53.7075071964748,normal
80,47.526072771519225,30,-59.51971266885039,55.88906439119851,rainy
81,46.67060346163188,35,-59.45179720307456,55.963726780610365,rainy
82,45.8305325993225,40,-59.383881737298736,56.03838917002222,rainy
83,45.0055830125347,45,-59.31596627152291,56.113051559434076,rainy
84,44.19548251830908,50,-59.248050805747084,56.18771394884593,rainy
85,43.399963832979516,50,-59.18013533997126,56.26237633825779,rainy
86,42.40176466482099,55,-59.11221987419543,56.33703872766964,rainy
87,41.426524077530104,60,-59.044304408419606,56.4117011170815,rainy
88,40.473714023746915,65,-58.97638894264378,56.486363506493355,rainy
89,39.542818601200736,70,-58.908473476867954,56.56102589590521,rainy
90,38.63333377337312,75,-58.84055801109213,56.635688285317066,windy
91,38.131100434319265,80,-58.69124809756457,56.425624131855294,windy
92,37.82605163084471,80,-58.54193818403701,56.21555997839352,windy
93,37.334312959643725,85,-58.39262827050945,56.00549582493175,windy
94,37.03563845596658,85,-58.24331835698189,55.79543167146998,windy
95,36.73935334831884,85,-58.09400844345433,55.585367518008205,windy
96,36.2617417547907,90,-57.94469852992677,55.37530336454643,windy
97,35.97164782075237,90,-57.79538861639921,55.16523921108466,windy
98,35.504016399082595,95,-57.64607870287165,54.95517505762289,windy
99,35.042464185894524,100,-57.49676878934409,54.745110904161116,windy
100,34.5869121514779,105,-57.34745887581653,54.535046750699344,normal
101,34.13728229350868,110,-58.49346076586424,58.09628663274436,normal
102,33.86418403516061,110,-59.639462655911956,61.657526514789375,normal
103,33.423949642703526,115,-60.78546454595967,65.21876639683438,normal
104,32.98943829734838,120,-61.93146643600738,68.7800062788794,normal
105,32.72552279096959,120,-63.0774683260551,72.34124616092441,normal
106,32.463718608641834,120,-64.22347021610281,75.90248604296943,normal
107,32.04169026672949,125,-65.36947210615051,79.46372592501444,normal
108,31.625148293262004,130,-66.51547399619821,83.02496580705946,normal
109,31.214021365449597,135,-67.66147588624591,86.58620568910447,normal
110,30.80823908769875,140,-68.80747777629361,90.14744557114949,normal
111,30.56177317499716,140,-69.32111148917062,89.55222616093954,normal
112,30.164470123722197,145,-69.83474520204763,88.95700675072959,normal
113,29.772332012113807,150,-70.34837891492464,88.36178734051964,normal
114,29.38529169595633,155,-70.86201262780165,87.76656793030969,normal
115,29.003282903908897,160,-71.37564634067866,87.17134852009974,normal
116,28.62624022615808,165,-71.88928005355567,86.57612910988979,normal
117,28.397230304348817,165,-72.40291376643268,85.98090969967984,normal
118,28.028066310392283,170,-72.91654747930968,85.38569028946989,normal
119,27.663701448357184,175,-73.4301811921867,84.79047087925994,normal
120,27.304073329528542,180,-73.9438149050637,84.19525146904999,normal
121,26.94912037624467,185,-73.92032032683551,84.20833909605633,normal
122,26.59878181135349,190,-73.89682574860731,84.22142672306268,normal
123,26.385991556862663,190,-73.87333117037912,84.23451435006902,normal
124,26.04297366662345,195,-73.84983659215092,84.24760197707536,normal
125,25.704415008957344,200,-73.82634201392273,84.2606896040817,normal
126,25.3702576138409,205,-73.80284743569453,84.27377723108805,normal
127,25.16729555293017,205,-73.77935285746634,84.28686485809439,normal
128,24.840120710742077,210,-73.75585827923814,84.29995248510073,normal
129,24.51719914150243,215,-73.73236370100994,84.31304011210707,normal
130,24.1984755526629,220,-73.70886912278175,84.32612773911342,windy
131,23.88389537047828,225,-73.59781648672256,85.58272663322327,windy
132,23.573404730662062,230,-73.48676385066338,86.83932552733313,windy
133,23.266950469163454,235,-73.3757112146042,88.09592442144299,windy
134,23.080814865410147,235,-73.26465857854501,89.35252331555284,windy
135,22.780764272159814,240,-73.15360594248583,90.6091222096627,windy
136,22.484614336621735,245,-73.04255330642664,91.86572110377256,windy
137,22.192314350245653,250,-72.93150067036746,93.12231999788241,windy
138,22.014775835443686,250,-72.82044803430827,94.37891889199227,windy
139,21.728583749582917,255,-72.70939539824909,95.63551778610213,windy
140,21.44611216083834,260,-72.5983427621899,96.89211668021198,normal
141,21.16731270274744,265,-69.44335017612855,94.52880746124072,normal
142,20.892137637611725,270,-66.28835759006719,92.16549824226945,normal
143,20.72500053651083,270,-63.13336500400584,89.80218902329818,normal
144,20.45557552953619,275,-59.978372417944485,87.43887980432692,normal
145,20.18965304765222,280,-56.82337983188313,85.07557058535565,normal
146,20.028135823271004,280,-53.668387245821776,82.71226136638438,normal
147,19.867910736684838,280,-50.51339465976042,80.34895214741312,normal
148,19.70896745079136,280,-47.35840207369907,77.98564292844185,normal
149,19.452750873931073,285,-44.203409487637714,75.62233370947058,normal
150,19.19986511256997,290,-41.04841690157636,73.25902449049931,rainy
151,18.758268214980863,295,-42.024601532302015,73.38874814821943,rainy
152,18.326828046036304,300,-43.00078616302767,73.51847180593955,rainy
153,17.99694514120765,300,-43.976970793753324,73.64819546365968,rainy
154,17.583015402959873,305,-44.95315542447898,73.7779191213798,rainy
155,17.266521125706596,305,-45.929340055204634,73.90764277909992,rainy
156,16.955723745443876,305,-46.90552468593029,74.03736643682004,rainy
157,16.565742099298667,310,-47.88170931665594,74.16709009454016,rainy
158,16.184730031014798,315,-48.8578939473816,74.29681375226028,rainy
159,15.812481240301457,320,-49.83407857810725,74.4265374099804,rainy
160,15.527856577976031,320,-50.81026320883291,74.55626106770052,rainy
161,15.170715876682582,325,-52.489762755654766,75.46792924578429,rainy
162,14.821789411518882,330,-54.169262302476625,76.37959742386806,rainy
163,14.480888255053948,335,-55.848761849298484,77.29126560195184,rainy
164,14.147827825187708,340,-57.52826139612034,78.20293378003561,rainy
165,13.82242778520839,345,-59.2077609429422,79.11460195811938,rainy
166,13.57362408507464,345,-60.88726048976406,80.02627013620315,rainy
167,13.261430731117922,350,-62.56676003658592,80.93793831428692,rainy
168,12.95641782430221,355,-64.24625958340778,81.8496064923707,rainy
169,12.65842021434326,360,-65.92575913022964,82.76127467045447,rainy
170,12.367276549413365,365,-67.6052586770515,83.67294284853824,normal
171,12.20650195427099,370,-68.81139318270775,81.18726723864245,normal
172,12.047817428865468,375,-70.017527688364,78.70159162874666,normal
173,11.951434889434545,375,-71.22366219402025,76.21591601885086,normal
174,11.796066235871896,380,-72.4297966996765,73.73024040895507,normal
175,11.642717374805562,385,-73.63593120533275,71.24456479905928,normal
176,11.49136204893309,390,-74.842065710989,68.75888918916348,normal
177,11.34197434229696,395,-76.04820021664526,66.27321357926769,normal
178,11.1945286758471,400,-77.25433472230151,63.7875379693719,normal
179,11.104972446440323,400,-78.46046922795776,61.301862359476104,normal
180,10.960607804636599,405,-79.66660373361401,58.81618674958031,normal
181,10.818119903176322,410,-79.30347440817889,59.21000124451314,normal
182,10.67748434443503,415,-78.94034508274376,59.60381573944596,normal
183,10.538677047957375,420,-78.57721575730864,59.99763023437879,normal
184,10.40167424633393,425,-78.21408643187351,60.391444729311615,normal
185,10.266452481131587,430,-77.85095710643839,60.78525922424444,normal
186,10.184320861282535,430,-77.48782778100326,61.17907371917727,normal
187,10.051924690085862,435,-77.12469845556814,61.572888214110094,normal
188,9.921249669114745,440,-76.76156913013301,61.96670270904292,normal
189,9.792273423416253,445,-76.39843980469789,62.360517203975746,normal
190,9.664973868911842,450,-76.03531047926276,62.75433169890857,normal
191,9.539329208615987,455,-77.48140243837491,63.452146148092424,normal
192,9.46301457494706,455,-78.92749439748707,64.14996059727628,normal
193,9.339995385472749,460,-80.37358635659922,64.84777504646013,normal
194,9.218575445461603,465,-81.81967831571137,65.54558949564398,normal
195,9.098733964670602,470,-83.26577027482352,66.24340394482783,normal
196,8.980450423129884,475,-84.71186223393568,66.94121839401168,normal
197,8.908606819744845,475,-86.15795419304783,67.63903284319554,normal
198,8.792794931088162,480,-87.60404615215998,68.33684729237939,normal
199,8.678488596984016,485,-89.05013811127213,69.03466174156324,normal
200,8.565668245223224,490,-90.49623007038429,69.7324761907471,windy
201,8.454314558035321,495,-92.65728484376933,66.82817870503214,windy
202,8.344408468780863,500,-94.81833961715438,63.9238812193172,windy
203,8.277653201030615,500,-96.97939439053943,61.01958373360227,windy
204,8.170043709417218,505,-99.14044916392447,58.11528624788733,windy
205,8.063833141194793,510,-101.30150393730952,55.2109887621724,windy
206,7.959003310359261,515,-103.46255871069457,52.306691276457464,windy
207,7.855536267324591,520,-105.62361348407961,49.40239379074253,windy
208,7.753414295849371,525,-107.78466825746466,46.498096305027595,windy
209,7.691386981482576,525,-109.9457230308497,43.59379881931266,windy
210,7.591398950723303,530,-112.10677780423475,40.689501333597725,windy
211,7.4927107643639,535,-113.15332757649179,40.91220751424829,windy
212,7.432769078248989,535,-114.19987734874883,41.13491369489885,windy
213,7.373306925622997,535,-115.24642712100587,41.35761987554941,windy
214,7.314320470218013,535,-121.2929768932629,41.58032605619997,windy
215,7.25580590645627,535,-122.33952666551994,41.803032236850534,windy
216,7.19775945920462,535,-128.38607643777698,42.025738417501096,windy
217,7.1401773835309825,535,-134.43262621003402,42.24844459815166,windy
218,7.083055964462734,535,-140.47917598229105,42.47115077880222,windy
219,7.026391516747033,535,-146.5257257545481,42.69385695945278,windy
220,6.970180384613057,535,-152.57227552680513,42.91656314010334,normal
221,6.9144189415361526,535,-153.7334407818155,41.48581484916621,normal
222,6.859103590003864,535,-159.89460603682585,40.05506655822908,normal
223,6.804230761283833,535,-166.0557712918362,38.62431826729195,normal
224,6.749796915193563,535,-172.21693654684657,37.193569976354816,normal
225,6.695798539872014,535,-178.37810180185693,35.762821685417684,normal
226,6.642232151553038,535,-184.5392670568673,34.33207339448055,normal
227,6.5890942943406134,535,-185.70043231187765,32.90132510354342,normal
228,6.5363815399858884,535,-191.861597566888,31.470576812606293,normal
229,6.484090487666001,535,-198.02276282189837,30.03982852166917,normal
230,6.432217763764673,535,-204.18392807690873,28.609080230732044,rainy
231,6.316437844016909,535,-209.0907558096241,28.55192841231383,rainy
232,6.2027419628246045,535,-213.9975835423395,28.49477659389562,rainy
233,6.091092607493762,535,-213.90441127505488,28.437624775477406,rainy
234,5.981452940558874,535,-218.81123900777027,28.380472957059194,rainy
235,5.873786787628815,535,-223.71806674048565,28.32332113864098,rainy
236,5.768058625451496,535,-228.62489447320104,28.26616932022277,rainy
237,5.664233570193369,535,-233.53172220591642,28.209017501804556,rainy
238,5.562277365929889,535,-238.4385499386318,28.151865683386344,rainy
239,5.462156373343151,535,-238.3453776713472,28.09471386496813,rainy
240,5.363837558622975,535,-243.25220540406258,28.03756204654992,rainy
241,5.2672884825677615,535,-248.50410200949477,26.610382884918028,rainy
242,5.172477289881542,535,-253.75599861492697,25.183203723286137,rainy
243,5.079372698663674,535,-254.00789522035916,23.756024561654247,rainy
244,4.987943990087728,535,-259.25979182579135,22.328845400022356,rainy
245,4.898160998266149,535,-264.51168843122355,20.901666238390465,rainy
246,4.809994100297358,535,-269.76358503665574,19.474487076758574,rainy
247,4.723414206492005,535,-275.01548164208793,18.047307915126684,rainy
248,4.638392750775148,535,-280.2673782475201,16.620128753494793,rainy
249,4.554901681261196,535,-280.5192748529523,15.192949591862906,rainy
250,4.472913450998495,535,-285.7711714583845,13.765770430231019,normal
251,4.437130143390506,535,-293.66515643698176,15.651690484090611,normal
252,4.401633102243382,535,-301.559141415579,17.537610537950204,normal
253,4.366420037425435,535,-309.45312639417625,19.423530591809797,normal
254,4.331488677126031,535,-312.3471113727735,21.30945064566939,normal
255,4.2968367677090225,535,-320.24109635137074,23.195370699528983,normal
256,4.262462073567351,535,-328.135081329968,25.081290753388576,normal
257,4.2283623769788115,535,-336.02906630856523,26.96721080724817,normal
258,4.194535477962981,535,-338.9230512871625,28.85313086110776,normal
259,4.140006516749462,540,-341.8170362657597,30.739050914967354,normal
260,4.106886464615466,540,-344.71102124435697,32.62497096882694,normal
261,4.0534969405754655,545,-341.62178174153564,31.352679228842746,normal
262,4.0008014803479846,550,-338.5325422387143,30.08038748885855,normal
263,3.948791061103461,555,-335.443302735893,28.80809574887435,normal
264,3.8974567773091158,560,-332.35406323307166,27.535804008890153,normal
265,3.8662771230906428,560,-329.2648237302503,26.263512268905956,normal
266,3.816015520490464,565,-326.175584227429,24.991220528921758,normal
267,3.766407318724088,570,-323.08634472460767,23.71892878893756,normal
268,3.7174440235806747,575,-319.99710522178634,22.446637048953363,normal
269,3.6877044713920295,575,-316.907865718965,21.174345308969166,normal
270,3.639764313263933,580,-313.8186262161437,19.902053568984968,rainy
271,3.5560497340588624,585,-312.33313436697586,21.36545856006336,rainy
272,3.4742605901755086,590,-310.847642517808,22.82886355114175,rainy
273,3.4117238995523493,590,-309.3621506686402,24.292268542220143,rainy
274,3.3332542498626454,595,-307.87665881947237,25.755673533298534,rainy
275,3.2565894021158046,600,-306.39116697030454,27.219078524376926,rainy
276,3.181687845867141,605,-304.9056751211367,28.682483515455317,rainy
277,3.1085090254121965,610,-303.4201832719689,30.14588850653371,rainy
278,3.052555862954777,610,-301.93469142280105,31.6092934976121,rainy
279,2.982347078106817,615,-300.4491995736332,33.07269848869049,rainy
280,2.9137530953103603,620,-298.9637077244654,34.53610347976888,rainy
281,2.846736774118222,625,-295.6794083341649,35.96023985504527,rainy
282,2.781261828313503,630,-292.39510894386444,37.384376230321664,rainy
283,2.7172928062622925,635,-289.11080955356397,38.808512605598054,rainy
284,2.65479507171826,640,-285.8265101632635,40.232648980874444,rainy
285,2.6070087604273313,640,-282.542210772963,41.656785356150834,rainy
286,2.5470475589375026,645,-279.25791138266254,43.080921731427225,rainy
287,2.48846546508194,650,-275.97361199236207,44.505058106703615,rainy
288,2.4312307593850555,655,-272.6893126020616,45.929194481980005,rainy
289,2.375312451919199,660,-269.4050132117611,47.353330857256395,rainy
290,2.3206802655250574,665,-266.12071382146064,48.777467232532786,rainy
291,2.2789080207456065,665,-267.0141459615804,48.53474615356522,rainy
292,2.2264931362684575,670,-267.9075781017002,48.29202507459766,rainy
293,2.175283794134283,675,-268.80101024182,48.0493039956301,rainy
294,2.1252522668691944,680,-269.6944423819398,47.806582916662535,rainy
295,2.076371464731203,685,-270.58787452205956,47.56386183769497,rainy
296,2.028614921042385,690,-271.48130666217935,47.32114075872741,rainy
297,1.9819567778584104,695,-272.37473880229913,47.07841967975985,rainy
298,1.936371771967667,700,-273.2681709424189,46.835698600792284,rainy
299,1.901517080072249,700,-274.1616030825387,46.59297752182472,rainy
300,1.8577821872305873,705,-275.0550352226585,46.35025644285716,windy
301,1.8336310187965896,710,-274.4392868670692,44.10042961933945,windy
302,1.809793815552234,715,-273.8235385114799,41.85060279582174,windy
303,1.795315465027816,715,-273.2077901558906,39.600775972304035,windy
304,1.7719763639824544,720,-272.59204180030133,37.35094914878633,windy
305,1.7489406712506825,725,-271.97629344471204,35.10112232526862,windy
306,1.7349491458806772,725,-271.36054508912275,32.85129550175091,windy
307,1.7123948069842283,730,-270.74479673353346,30.60146867823321,windy
308,1.6901336744934334,735,-270.1290483779442,28.35164185471551,windy
309,1.668161936725019,740,-269.5133000223549,26.10181503119781,windy
310,1.6464758315475936,745,-268.8975516667656,23.851988207680108,normal
311,1.6250716457374748,750,-268.16403248051074,24.68844091800141,normal
312,1.6039457143428877,755,-267.4305132942559,25.524893628322715,normal
313,1.5911141486281446,755,-266.69699410800104,26.36134633864402,normal
314,1.5704296646959788,760,-265.9634749217462,27.197799048965322,normal
315,1.550014079054931,765,-265.22995573549133,28.034251759286626,normal
316,1.5298638960272168,770,-264.4964365492365,28.87070446960793,normal
317,1.509975665378863,775,-263.7629173629816,29.707157179929233,normal
318,1.4903459817289377,780,-263.0293981767268,30.543609890250536,normal
319,1.4784232138751063,780,-262.2958789904719,31.38006260057184,normal
320,1.4592037120947299,785,-261.56235980421707,32.21651531089314,normal
321,1.447530082397972,785,-264.08651138858477,29.619299260197252,normal
322,1.4287121913267984,790,-266.61066297295247,27.02208320950136,normal
323,1.41013893283955,795,-269.13481455732017,24.42486715880547,normal
324,1.3918071267126357,800,-271.65896614168787,21.827651108109578,normal
325,1.3737136340653715,805,-274.18311772605557,19.230435057413686,normal
326,1.3627239249928484,805,-276.70726931042327,16.633219006717795,normal
327,1.3450085139679415,810,-279.231420894791,14.036002956021903,normal
328,1.3275234032863583,815,-281.7555724791587,11.438786905326012,normal
329,1.3102655990436356,820,-284.2797240635264,8.84157085463012,normal
330,1.2932321462560683,825,-286.8038756478941,6.244354803934227,rainy
331,1.269953967623459,825,-287.8115976056431,10.11449437851847,rainy
332,1.2407450263681195,830,-288.8193195633921,13.984633953102714,rainy
333,1.2184116158934932,830,-289.82704152114115,17.85477352768696,rainy
334,1.1903881487279429,835,-290.8347634788902,21.724913102271202,rainy
335,1.1630092213072,840,-291.8424854366392,25.595052676855445,rainy
336,1.1420750553236705,840,-292.85020739438824,29.46519225143969,rainy
337,1.1215177043278444,840,-293.85792935213726,33.33533182602393,rainy
338,1.1013303856499432,840,-294.8656513098863,37.205471400608175,rainy
339,1.0815064387082443,840,-295.8733732676353,41.07561097519242,rainy
340,1.062039322811496,840,-296.88109522538434,44.94575054977666,rainy
341,1.042922615000889,840,-293.97029743720077,46.70868657352112,rainy
342,1.024150007930873,840,-291.0594996490172,48.47162259726558,rainy
343,1.0057153077881174,840,-288.1487018608336,50.23455862101004,rainy
344,0.9825838557089906,845,-285.23790407265005,51.9974946447545,rainy
345,0.9648973463062288,845,-282.3271062844665,53.760430668498955,rainy
346,0.9427047073411855,850,-279.4163084962829,55.523366692243414,rainy
347,0.9210224990723382,855,-276.50551070809934,57.28630271598787,rainy
348,0.8998389815936745,860,-273.59471291991576,59.04923873973233,rainy
349,0.87914268501702,865,-270.6839151317322,60.81217476347679,rainy
350,0.8589224032616285,870,-267.7731173435486,62.57511078722125,normal
351,0.8477564120192274,875,-267.71111517434645,61.43467895575996,normal
352,0.8409743607230735,875,-267.6491130051443,60.29424712429868,normal
353,0.8300416940336736,880,-267.5871108359421,59.15381529283739,normal
354,0.8234013604814042,880,-267.5251086667399,58.01338346137611,normal
355,0.8126971427951459,885,-267.46310649753775,56.87295162991482,normal
356,0.8021320799388091,890,-267.4011043283356,55.73251979845354,normal
357,0.7957150232992987,890,-267.3391021591334,54.59208796699225,normal
358,0.7853707279964077,895,-267.27709998993123,53.45165613553097,normal
359,0.7751609085324545,900,-267.21509782072906,52.31122430406968,normal
360,0.7650838167215326,905,-267.1530956515269,51.1707924726084,rainy
361,0.7474868889369374,910,-263.52909677272817,50.5565142772426,rainy
362,0.7302946904913878,915,-259.90509789392945,49.9422360818768,rainy
363,0.7134979126100859,920,-256.28109901513074,49.327957886511,rainy
364,0.7006549501831043,920,-252.65710013633196,48.7136796911452,rainy
365,0.684539886328893,925,-249.0331012575332,48.099401495779404,rainy
366,0.6687954689433284,930,-245.40910237873442,47.485123300413605,rainy
367,0.6534131731576318,935,-241.78510349993564,46.870845105047806,rainy
368,0.6383846701750063,940,-238.16110462113687,46.25656690968201,rainy
369,0.6237018227609812,945,-234.5371057423381,45.64228871431621,rainy
370,0.6124751899512835,945,-230.91310686353933,45.02801051895041,windy
371,0.6045130124819168,950,-232.0670682955157,42.92635994258909,windy
372,0.5966543433196518,955,-233.22102972749207,40.824709366227765,windy
373,0.5918811085730946,955,-234.37499115946844,38.72305878986644,windy
374,0.5841866541616444,960,-235.5289525914448,36.62140821350512,windy
375,0.576592227657543,965,-236.68291402342118,34.5197576371438,windy
376,0.569096528697995,970,-237.83687545539755,32.418107060782475,windy
377,0.5616982738249211,975,-238.99083688737392,30.316456484421145,windy
378,0.5543961962651971,980,-240.1447983193503,28.214805908059816,windy
379,0.5471890457137495,985,-241.29875975132666,26.113155331698486,windy
380,0.5428115333480394,985,-242.45272118330303,24.011504755337157,normal
381,0.5357549834145149,990,-243.02552101649536,21.998473297745917,normal
382,0.5287901686301262,995,-243.5983208496877,19.985441840154678,normal
383,0.5219158964379346,1000,-244.17112068288003,17.97241038256344,normal
384,0.5151309897842414,1005,-244.74392051607236,15.959378924972198,normal
385,0.5084342869170463,1010,-245.3167203492647,13.946347467380955,normal
386,0.5018246411871247,1015,-245.88952018245703,11.933316009789712,normal
387,0.4978100440576277,1015,-246.46232001564937,9.920284552198469,normal
388,0.4913385134848785,1020,-247.0351198488417,7.907253094607227,normal
389,0.4849511128095751,1025,-247.60791968203404,5.894221637015986,normal
390,0.4786467483430506,1030,-248.18071951522637,3.8811901794247445,normal
391,0.47242434061459093,1035,-249.8686961627542,4.277864027557544,normal
392,0.4662828241866013,1040,-251.556672810282,4.674537875690343,normal
393,0.4625525615931085,1040,-253.24464945780983,5.071211723823143,normal
394,0.45653937829239805,1045,-254.93262610533765,5.467885571955942,normal
395,0.4506043663745969,1050,-256.62060275286547,5.864559420088741,normal
396,0.4447465096117271,1055,-258.30857940039334,6.261233268221541,normal
397,0.43896480498677465,1060,-259.9965560479212,6.65790711635434,normal
398,0.4332582625219466,1065,-261.6845326954491,7.05458096448714,normal
399,0.4276259051091613,1070,-263.37250934297697,7.451254812619939,normal
400,0.424204897868288,1070,-265.06048599050484,7.847928660752738,rainy
401,0.41656920970665884,1070,-262.34830758874875,8.20432318776705,rainy
402,0.40698811788340566,1075,-259.63612918699266,8.560717714781363,rainy
403,0.39762739117208734,1080,-256.92395078523657,8.917112241795676,rainy
404,0.38848196117512934,1085,-254.21177238348042,9.27350676880999,rainy
405,0.3795468760681014,1090,-251.49959398172427,9.629901295824302,rainy
406,0.3727150322988756,1090,-248.78741557996813,9.986295822838615,rainy
407,0.36600616171749584,1090,-246.07523717821198,10.342690349852928,rainy
408,0.3594180508065809,1090,-243.36305877645583,10.699084876867241,rainy
409,0.35294852589206244,1090,-240.65088037469968,11.055479403881554,rainy
410,0.3465954524260053,1090,-237.93870197294353,11.411873930895867,windy
411,0.34208971154446727,1095,-238.43901257274246,11.791368712633075,windy
412,0.33935299385211154,1095,-238.93932317254138,12.170863494370282,windy
413,0.3349414049320341,1100,-239.4396337723403,12.55035827610749,windy
414,0.33058716666791765,1105,-239.93994437213922,12.929853057844698,windy
415,0.32628953350123474,1110,-240.44025497193815,13.309347839581905,windy
416,0.3220477695657187,1115,-240.94056557173707,13.688842621319113,windy
417,0.31947138740919295,1115,-241.440876171536,14.06833740305632,windy
418,0.31531825937287344,1120,-241.9411867713349,14.447832184793528,windy
419,0.3112191220010261,1125,-242.44149737113383,14.827326966530736,windy
420,0.30872936902501785,1125,-242.94180797093276,15.206821748267943,normal
421,0.3047158872276926,1130,-242.75850251166378,15.501498359200665,normal
422,0.3007545806937326,1135,-242.5751970523948,15.796174970133388,normal
423,0.2968447711447141,1140,-242.39189159312582,16.090851581066108,normal
424,0.29447001297555636,1140,-242.20858613385684,16.385528191998826,normal
425,0.29064190280687413,1145,-242.02528067458786,16.680204802931545,normal
426,0.28686355807038477,1150,-241.84197521531888,16.974881413864264,normal
427,0.28313433181546976,1155,-241.6586697560499,17.269558024796982,normal
428,0.27945358550186866,1160,-241.47536429678092,17.5642346357297,normal
429,0.2758206888903444,1165,-241.29205883751195,17.85891124666242,normal
430,0.2722350199347699,1170,-241.10875337824297,18.153587857595138,normal
431,0.2700571397752917,1170,-240.0173470982702,20.01488387148061,normal
432,0.2665463969582129,1175,-238.92594081829742,21.87617988536608,normal
433,0.26308129379775613,1180,-237.83453453832465,23.737475899251553,normal
434,0.2596612369783853,1185,-236.74312825835187,25.598771913137025,normal
435,0.2575839470825582,1185,-235.6517219783791,27.460067927022497,normal
436,0.25423535577048495,1190,-234.56031569840633,29.32136394090797,normal
437,0.25093029614546863,1195,-233.46890941843355,31.18265995479344,normal
438,0.24766820229557754,1200,-232.37750313846078,33.043955968678915,normal
439,0.24444851566573503,1205,-231.286096858488,34.905251982564394,normal
440,0.24249292754040916,1205,-230.19469057851524,36.76654799644987,rainy
441,0.2381280548446818,1205,-229.13484520911027,38.44728408474556,rainy
442,0.23384174985747752,1205,-228.0749998397053,40.12802017304125,rainy
443,0.22963259836004293,1205,-227.01515447030033,41.80875626133694,rainy
444,0.22549921158956215,1205,-225.95530910089536,43.48949234963263,rainy
445,0.22031272972300223,1210,-224.8954637314904,45.170228437928316,rainy
446,0.21634710058798817,1210,-223.83561836208543,46.850964526224004,rainy
447,0.21137111727446445,1215,-222.77577299268046,48.53170061451969,rainy
448,0.20650958157715177,1220,-221.7159276232755,50.21243670281538,rainy
449,0.20175986120087727,1225,-220.65608225387052,51.89317279111107,rainy
450,0.1971193843932571,1230,-219.59623688446555,53.57390887940676,rainy
451,0.1925856385522122,1235,-219.3421723599596,52.15068614261024,rainy
452,0.18911909705827237,1235,-219.08810783545363,50.72746340581372,rainy
453,0.1847693578259321,1240,-218.83404331094766,49.304240669017204,rainy
454,0.18051966259593566,1245,-218.5799787864417,47.881017932220686,rainy
455,0.17636771035622914,1250,-218.32591426193574,46.45779519542417,rainy
456,0.17231125301803588,1255,-218.07184973742977,45.03457245862765,rainy
457,0.16834809419862104,1260,-217.8177852129238,43.61134972183113,rainy
458,0.16531782850304585,1260,-217.56372068841785,42.188126985034614,rainy
459,0.1615155184474758,1265,-217.30965616391188,40.764904248238096,rainy
460,0.15780066152318387,1270,-217.05559163940592,39.34168151144158,rainy
461,0.15417124630815063,1275,-215.09241240407323,40.50963460616103,rainy
462,0.15062530764306317,1280,-213.12923316874054,41.67758770088048,rainy
463,0.14716092556727273,1285,-211.16605393340785,42.84554079559993,rainy
464,0.14377622427922546,1290,-209.20287469807516,44.01349389031938,rainy
465,0.14118825224219939,1290,-207.23969546274247,45.18144698503883,rainy
466,0.1379409224406288,1295,-205.2765162274098,46.34940007975828,rainy
467,0.13476828122449433,1300,-203.3133369920771,47.51735317447773,rainy
468,0.13166861075633096,1305,-201.3501577567444,48.685306269197184,rainy
469,0.12864023270893535,1310,-199.38697852141172,49.853259363916635,rainy
470,0.12568150735662983,1315,-197.42379928607903,51.021212458636086,normal
471,0.1246760552977768,1315,-200.64412717676845,52.49817443990921,normal
472,0.1230552665789057,1320,-203.86445506745787,53.97513642118233,normal
473,0.12145554811337993,1325,-207.0847829581473,55.45209840245545,normal
474,0.119876625987906,1330,-210.3051108488367,56.92906038372857,normal
475,0.11891761298000275,1330,-213.52543873952612,58.40602236500169,normal
476,0.11737168401126272,1335,-216.74576663021554,59.88298434627481,normal
477,0.1158458521191163,1340,-219.96609452090496,61.35994632754793,normal
478,0.1143398560415678,1345,-223.18642241159438,62.83690830882105,normal
479,0.11285343791302742,1350,-226.4067503022838,64.31387029009417,normal
480,0.11138634322015806,1355,-229.62707819297322,65.7908322713673,windy
481,0.11049525247439679,1355,-229.3840099430534,63.58296045529044,windy
482,0.10905881419222963,1360,-229.14094169313358,61.37508863921358,windy
483,0.10764104960773065,1365,-228.89787344321377,59.16721682313672,windy
484,0.10624171596283015,1370,-228.65480519329395,56.95934500705986,windy
485,0.10486057365531336,1375,-228.41173694337414,54.751473190983,windy
486,0.10402168906607086,1375,-228.16866869345432,52.54360137490614,windy
487,0.10266940710821193,1380,-227.9256004435345,50.33572955882928,windy
488,0.10133470481580517,1385,-227.6825321936147,48.12785774275242,windy
489,0.1000173536531997,1390,-227.43946394369488,45.91998592667556,windy
490,0.0987171280557081,1395,-227.19639569377506,43.7121141105987,windy
491,0.0974338053909839,1400,-228.04562176570914,41.001475734140065,windy
492,0.09665433494785602,1400,-228.89484783764323,38.29083735768143,windy
493,0.09539782859353389,1405,-229.7440739095773,35.5801989812228,windy
494,0.09415765682181795,1410,-230.5932999815114,32.86956060476417,windy
495,0.09293360728313432,1415,-231.44252605344548,30.158922228305535,windy
496,0.09172547038845358,1420,-232.29175212537956,27.448283851846902,windy
497,0.09053303927340368,1425,-233.14097819731364,24.73764547538827,windy
498,0.08980877495921645,1425,-233.99020426924773,22.027007098929637,windy
499,0.08864126088474664,1430,-234.8394303411818,19.316368722471005,windy
500,0.08748892449324493,1435,-235.6886564131159,16.605730346012372,windy
501,0.08635156847483275,1440,-237.4347559912477,18.12939773519024,windy
502,0.08522899808465992,1445,-239.1808555693795,19.653065124368105,windy
503,0.08412102110955934,1450,-240.9269551475113,21.17673251354597,windy
504,0.08344805294068286,1450,-242.6730547256431,22.700399902723838,windy
505,0.08236322825245398,1455,-244.41915430377492,24.224067291901704,windy
506,0.08129250628517208,1460,-246.16525388190672,25.74773468107957,windy
507,0.08023570370346485,1465,-247.91135346003853,27.271402070257437,windy
508,0.0791926395553198,1470,-249.65745303817033,28.795069459435304,windy
509,0.07816313524110065,1475,-251.40355261630214,30.31873684861317,windy
510,0.07753783015917184,1475,-253.14965219443394,31.842404237791037,windy
511,0.07652983836710262,1480,-257.03785141770055,31.73756636133679,windy
512,0.07553495046833028,1485,-260.92605064096716,31.63272848488254,windy
513,0.07455299611224199,1490,-264.8142498642338,31.527890608428294,windy
514,0.07358380716278284,1495,-268.7024490875004,31.423052731974046,windy
515,0.07262721766966666,1500,-272.590648310767,31.3182148555198,windy
516,0.07204619992830932,1500,-276.4788475340336,31.21337697906555,windy
517,0.0711095993292413,1505,-280.3670467573002,31.108539102611303,windy
518,0.07018517453796116,1510,-284.2552459805668,31.003701226157055,windy
519,0.06927276726896767,1515,-288.14344520383344,30.898863349702808,windy
520,0.06837222129447108,1520,-292.03164442710005,30.79402547324856,normal
521,0.06748338241764296,1525,-290.5655355839986,32.44222011900883,normal
522,0.06694351535830181,1525,-289.0994267408972,34.0904147647691,normal
523,0.06607324965864389,1530,-287.63331789779573,35.73860941052937,normal
524,0.06521429741308152,1535,-286.1672090546943,37.38680405628964,normal
525,0.06436651154671146,1540,-284.70110021159286,39.03499870204991,normal
526,0.0635297468966042,1545,-283.2349913684914,40.68319334781018,normal
527,0.06302150892143137,1545,-281.76888252539,42.33138799357045,normal
528,0.06220222930545276,1550,-280.30277368228855,43.97958263933072,normal
529,0.06139360032448187,1555,-278.8366648391871,45.62777728509099,normal
530,0.06059548352026361,1560,-277.37055599608567,47.27597193085126,rainy
531,0.059201787399297545,1565,-274.6828881776301,46.72689411461109,rainy
532,0.05813615522611019,1565,-271.99522035917454,46.17781629837092,rainy
533,0.05679902365590965,1570,-269.307552540719,45.62873848213075,rainy
534,0.05549264611182373,1575,-266.6198847222634,45.07966066589058,rainy
535,0.054216315251251784,1580,-263.93221690380784,44.53058284965041,rainy
536,0.05296934000047299,1585,-261.2445490853523,43.98150503341024,rainy
537,0.05175104518046211,1590,-258.5568812668967,43.432427217170066,rainy
538,0.0508195263672138,1590,-255.86921344844117,42.883349400929895,rainy
539,0.049650677260767884,1595,-253.18154562998566,42.33427158468972,rainy
540,0.048508711683770224,1600,-250.49387781153015,41.78519376844955,normal
541,0.04787809843188121,1605,-249.84932841706714,40.73015525365215,normal
542,0.047255683152266754,1610,-249.20477902260413,39.67511673885475,normal
543,0.046641359271287285,1615,-248.56022962814112,38.620078224057345,normal
544,0.04626822839711699,1615,-247.9156802336781,37.56503970925994,normal
545,0.04589808256994005,1615,-247.2711308392151,36.51000119446254,normal
546,0.04553089790938053,1615,-246.62658144475208,35.45496267966514,normal
547,0.045166650726105484,1615,-245.98203205028906,34.399924164867734,normal
548,0.04480531752029664,1615,-245.33748265582605,33.34488565007033,normal
549,0.04444687498013427,1615,-244.69293326136304,32.28984713527293,normal
550,0.044091299980293194,1615,-244.04838386690002,31.234808620475526,windy
551,0.04373856958045085,1615,-244.14525514273973,33.925712459755694,windy
552,0.04338866102380724,1615,-244.24212641857943,36.61661629903586,windy
553,0.04304155173561679,1615,-244.33899769441913,39.30752013831603,windy
554,0.04269721932173185,1615,-244.43586897025884,41.9984239775962,windy
555,0.042355641567157994,1615,-244.53274024609854,44.689327816876364,windy
556,0.04201679643462073,1615,-244.62961152193824,47.38023165615653,windy
557,0.04168066206314376,1615,-244.72648279777795,50.0711354954367,windy
558,0.04134721676663861,1615,-244.82335407361765,52.76203933471687,windy
559,0.04101643903250551,1615,-244.92022534945735,55.452943173997035,windy
560,0.040688307520245465,1615,-245.01709662529706,58.1438470132772,rainy
561,0.039955917984881045,1615,-244.7496373093796,57.94471691675347,rainy
562,0.039236711461153186,1615,-244.48217799346216,57.74558682022974,rainy
563,0.03853045065485243,1615,-244.2147186775447,57.54645672370601,rainy
564,0.037836902543065085,1615,-243.94725936162726,57.34732662718228,rainy
565,0.03715583829728991,1615,-243.6798000457098,57.148196530658545,rainy
566,0.036487033207938696,1615,-243.41234072979236,56.949066434134814,rainy
567,0.035830266610195796,1615,-243.1448814138749,56.74993633761108,rainy
568,0.03518532181121227,1615,-242.87742209795746,56.55080624108735,rainy
569,0.034551986018610446,1615,-242.60996278204001,56.35167614456362,rainy
570,0.03393005027027546,1615,-242.34250346612257,56.15254604803989,windy
571,0.033658609868113254,1615,-243.38497970281927,55.90435194617532,windy
572,0.03338934098916835,1615,-244.42745593951597,55.65615784431075,windy
573,0.033122226261255,1615,-245.46993217621267,55.40796374244618,windy
574,0.03285724845116496,1615,-246.51240841290937,55.15976964058161,windy
575,0.03259439046355564,1615,-247.55488464960607,54.91157553871704,windy
576,0.03233363533984719,1615,-248.59736088630277,54.66338143685247,windy
577,0.03207496625712841,1615,-249.63983712299947,54.4151873349879,windy
578,0.03181836652707139,1615,-250.68231335969617,54.16699323312333,windy
579,0.03156381959485482,1615,-251.72478959639287,53.91879913125876,windy
580,0.03131130903809598,1615,-252.76726583308957,53.67060502939419,normal
581,0.031060818565791213,1615,-254.13831575041,51.78997164859654,normal
582,0.030812332017264882,1615,-255.5093656677304,49.909338267798894,normal
583,0.03056583336112676,1615,-256.88041558505086,48.02870488700125,normal
584,0.030321306694237746,1615,-258.2514655023713,46.1480715062036,normal
585,0.030078736240683846,1615,-259.6225154196917,44.26743812540595,normal
586,0.029838106350758377,1615,-260.9935653370121,42.386804744608305,normal
587,0.02959940149995231,1615,-262.36461525433253,40.50617136381066,normal
588,0.029362606287952692,1615,-263.73566517165295,38.62553798301301,normal
589,0.02912770543764907,1615,-265.1067150889734,36.744904602215364,normal
590,0.028894683794147877,1615,-266.4777650062938,34.86427122141772,rainy
591,0.028374579485853216,1615,-266.76615297601177,31.154254463038704,rainy
592,0.027863837055107858,1615,-267.05454094572974,27.44423770465969,rainy
593,0.027362287988115918,1615,-267.3429289154477,23.73422094628068,rainy
594,0.02686976680432983,1615,-267.6313168851657,20.024204187901667,rainy
595,0.026386111001851894,1615,-267.91970485488366,16.314187429522654,rainy
596,0.02591116100381856,1615,-268.20809282460164,12.604170671143642,rainy
597,0.025444760105749826,1615,-268.4964807943196,8.89415391276463,rainy
598,0.02498675442384633,1615,-268.7848687640376,5.184137154385615,rainy
599,0.024536992844217096,1615,-269.07325673375556,1.474120396006601,rainy
600,0.024095326973021188,1615,-269.36164470347353,-2.2358963623724133,windy
601,0.02390256435723702,1615,-272.6521082059992,-0.766834298836372,windy
602,0.023711343842379124,1615,-275.94257170852484,0.7022277646996692,windy
603,0.02352165309164009,1615,-279.2330352110505,2.1712898282357105,windy
604,0.02333347986690697,1615,-282.52349871357615,3.640351891771752,windy
605,0.023146812027971714,1615,-285.8139622161018,5.109413955307793,windy
606,0.02296163753174794,1615,-289.10442571862745,6.578476018843834,windy
607,0.022777944431493957,1615,-292.3948892211531,8.047538082379875,windy
608,0.022595720876042006,1615,-295.68535272367876,9.516600145915914,windy
609,0.02241495510903367,1615,-298.9758162262044,10.985662209451954,windy
610,0.022235635468161402,1615,-302.26627972873007,12.454724272987994,normal
